Name of trek,Duration of trek,Location,Elevation of summit (mts),Total Distance of Trek (kms)
Brahmatal Trek,5 Nights - 6 Days,Garhwal,['3733&nbspmts'],['24&nbspKm']
Nag Tibba Trek,4 Nights - 5 Days,Garhwal,['3050&nbspmts'],['40&nbspKm']
Adi Kailash Trek,11 Nights - 12 Days,Kumaon,['3987&nbspmts'],['76&nbspKm']
Darma Valley Trek,11 Nights - 12 Days,Kumaon,['3470&nbspmts'],['60&nbspKm']
Sunderdhunga BC Trek,12 Nights - 13 Days,Kumaon,['4100&nbspmts'],['---']
Kuari Pass Trek,8 Nights - 9 Days,Garhwal,['4150&nbspmts'],['55&nbspKm']
Panchachuli BC Trek,11 Nights - 12 Days,Kumaon,['4260&nbspmts'],['110&nbspKm']
Kafni Glacier Trek,10 Nights - 11 Days,Kumaon,['4150&nbspmts'],['85&nbspKm']
Nanda Devi East Base Camp,16 Nights - 17 Days,Kumaon,['4000&nbspmts'],['150&nbspKm']
Har Ki Dun Ruinsara Tal Trek,10 Nights - 11 Days,Garhwal,['3566&nbspmts'],['105&nbspKm']
Milam Glacier Trek,12 Nights - 13 Days,Kumaon,['4150&nbspmts'],['116&nbspKm']
Pindari Glacier Trek,9 Nights - 10 Days,Kumaon,['4150&nbspmts'],['110&nbspKm']
Pithoragarh Sin La Pass Trek,7 Nights - 8 Days,Kumaon,['---'],['---']
Dayara Bugyal Trek,6 Nights - 7 Days,Garhwal,['3850&nbspmts'],['40&nbspKm']
Kedartal Trek,8 Nights - 9 Days,Garhwal,['4750&nbspmts'],['60&nbspKm']
